Country/Area,Month (abbr),Year,Growth Rate(%),Visitor Arrivals
Pakistan,Jan.,1992,,524
Pakistan,Feb.,1992,,447
Pakistan,Mar.,1992,,552
Pakistan,Apr.,1992,,544
Pakistan,May,1992,,557
Pakistan,Jun.,1992,,528
Pakistan,Jul.,1992,,619
Pakistan,Aug.,1992,,614
Pakistan,Sep.,1992,,586
Pakistan,Oct.,1992,,612
Pakistan,Nov.,1992,,476
Pakistan,Dec.,1992,,652
Pakistan,Jan.,1993,-11.068702290,466
Pakistan,Feb.,1993,-12.080536913,393
Pakistan,Mar.,1993,-30.072463768,386
Pakistan,Apr.,1993,-20.772058824,431
Pakistan,May,1993,-29.084380610,395
Pakistan,Jun.,1993,-21.022727273,417
Pakistan,Jul.,1993,-18.739903069,503
Pakistan,Aug.,1993,-11.726384365,542
Pakistan,Sep.,1993,-11.945392491,516
Pakistan,Oct.,1993,-4.575163399,584
Pakistan,Nov.,1993,13.655462185,541
Pakistan,Dec.,1993,-50.766871166,321
Pakistan,Jan.,1994,-23.605150215,356
Pakistan,Feb.,1994,-20.610687023,312
Pakistan,Mar.,1994,-20.466321244,307
Pakistan,Apr.,1994,7.656612529,464
Pakistan,May,1994,0.253164557,396
Pakistan,Jun.,1994,-2.877697842,405
Pakistan,Jul.,1994,-8.747514911,459
Pakistan,Aug.,1994,-34.870848708,353
Pakistan,Sep.,1994,8.139534884,558
Pakistan,Oct.,1994,-15.753424658,492
Pakistan,Nov.,1994,-18.484288355,441
Pakistan,Dec.,1994,2.803738318,330
Pakistan,Jan.,1995,-7.865168539,328
Pakistan,Feb.,1995,-15.705128205,263
Pakistan,Mar.,1995,13.029315961,347
Pakistan,Apr.,1995,-10.344827586,416
Pakistan,May,1995,-6.565656566,370
Pakistan,Jun.,1995,12.345679012,455
Pakistan,Jul.,1995,11.764705882,513
Pakistan,Aug.,1995,17.563739377,415
Pakistan,Sep.,1995,-20.430107527,444
Pakistan,Oct.,1995,-11.788617886,434
Pakistan,Nov.,1995,-14.512471655,377
Pakistan,Dec.,1995,-3.636363636,318
Pakistan,Jan.,1996,71.646341463,563
Pakistan,Feb.,1996,12.167300380,295
Pakistan,Mar.,1996,23.342939481,428
Pakistan,Apr.,1996,-10.576923077,372
Pakistan,May,1996,32.972972973,492
Pakistan,Jun.,1996,-8.791208791,415
Pakistan,Jul.,1996,-5.068226121,487
Pakistan,Aug.,1996,13.253012048,470
Pakistan,Sep.,1996,17.342342342,521
Pakistan,Oct.,1996,9.677419355,476
Pakistan,Nov.,1996,1.061007958,381
Pakistan,Dec.,1996,10.377358491,351
Pakistan,Jan.,1997,-35.346358792,364
Pakistan,Feb.,1997,5.423728814,311
Pakistan,Mar.,1997,12.383177570,481
Pakistan,Apr.,1997,22.043010753,454
Pakistan,May,1997,10.569105691,544
Pakistan,Jun.,1997,31.566265060,546
Pakistan,Jul.,1997,11.293634497,542
Pakistan,Aug.,1997,22.553191489,576
Pakistan,Sep.,1997,9.788867562,572
Pakistan,Oct.,1997,61.554621849,769
Pakistan,Nov.,1997,45.144356955,553
Pakistan,Dec.,1997,19.373219373,419
Pakistan,Jan.,1998,12.637362637,410
Pakistan,Feb.,1998,52.733118971,475
Pakistan,Mar.,1998,11.850311850,538
Pakistan,Apr.,1998,13.656387665,516
Pakistan,May,1998,4.044117647,566
Pakistan,Jun.,1998,11.904761905,611
Pakistan,Jul.,1998,0.369003690,544
Pakistan,Aug.,1998,-4.513888889,550
Pakistan,Sep.,1998,7.342657343,614
Pakistan,Oct.,1998,-28.218465540,552
Pakistan,Nov.,1998,-13.200723327,480
Pakistan,Dec.,1998,7.875894988,452
Pakistan,Jan.,1999,2.682926829,421
Pakistan,Feb.,1999,-1.894736842,466
Pakistan,Mar.,1999,0.371747212,540
Pakistan,Apr.,1999,11.821705426,577
Pakistan,May,1999,5.123674912,595
Pakistan,Jun.,1999,-9.819967267,551
Pakistan,Jul.,1999,17.830882353,641
Pakistan,Aug.,1999,8.181818182,595
Pakistan,Sep.,1999,-7.328990228,569
Pakistan,Oct.,1999,-1.268115942,545
Pakistan,Nov.,1999,-5,456
Pakistan,Dec.,1999,-13.716814159,390
Pakistan,Jan.,2000,13.301662708,477
Pakistan,Feb.,2000,-5.579399142,440
Pakistan,Mar.,2000,-10.370370370,484
Pakistan,Apr.,2000,-4.679376083,550
Pakistan,May,2000,-3.361344538,575
Pakistan,Jun.,2000,1.451905626,559
Pakistan,Jul.,2000,-14.820592824,546
Pakistan,Aug.,2000,0.672268908,599
Pakistan,Sep.,2000,2.284710018,582
Pakistan,Oct.,2000,30.091743119,709
Pakistan,Nov.,2000,20.175438596,548
Pakistan,Dec.,2000,-2.051282051,382
Pakistan,Jan.,2001,33.752620545,638
Pakistan,Feb.,2001,0.227272727,441
Pakistan,Mar.,2001,7.851239669,522
Pakistan,Apr.,2001,-1.454545455,542
Pakistan,May,2001,5.043478261,604
Pakistan,Jun.,2001,8.944543828,609
Pakistan,Jul.,2001,14.835164835,627
Pakistan,Aug.,2001,-5.843071786,564
Pakistan,Sep.,2001,-13.230240550,505
Pakistan,Oct.,2001,-40.197461213,424
Pakistan,Nov.,2001,-35.583941606,353
Pakistan,Dec.,2001,-25.916230366,283
Pakistan,Jan.,2002,-20.689655172,506
Pakistan,Feb.,2002,-40.362811791,263
Pakistan,Mar.,2002,5.363984674,550
Pakistan,Apr.,2002,-20.664206642,430
Pakistan,May,2002,-12.748344371,527
Pakistan,Jun.,2002,-24.137931034,462
Pakistan,Jul.,2002,-1.594896332,617
Pakistan,Aug.,2002,-13.120567376,490
Pakistan,Sep.,2002,4.158415842,526
Pakistan,Oct.,2002,26.179245283,535
Pakistan,Nov.,2002,8.781869688,384
Pakistan,Dec.,2002,9.187279152,309
Pakistan,Jan.,2003,-11.067193676,450
Pakistan,Feb.,2003,62.737642586,428
Pakistan,Mar.,2003,-0.909090909,545
Pakistan,Apr.,2003,-21.162790698,339
Pakistan,May,2003,-24.288425047,399
Pakistan,Jun.,2003,-0.216450216,461
Pakistan,Jul.,2003,-27.228525122,449
Pakistan,Aug.,2003,-1.020408163,485
Pakistan,Sep.,2003,-4.182509506,504
Pakistan,Oct.,2003,2.990654206,551
Pakistan,Nov.,2003,-15.885416667,323
Pakistan,Dec.,2003,44.660194175,447
Pakistan,Jan.,2004,16.444444444,524
Pakistan,Feb.,2004,5.841121495,453
Pakistan,Mar.,2004,0.366972477,547
Pakistan,Apr.,2004,23.598820059,419
Pakistan,May,2004,35.839598997,542
Pakistan,Jun.,2004,-4.121475054,442
Pakistan,Jul.,2004,26.503340757,568
Pakistan,Aug.,2004,4.742268041,508
Pakistan,Sep.,2004,-14.087301587,433
Pakistan,Oct.,2004,-8.892921960,502
Pakistan,Nov.,2004,32.817337461,429
Pakistan,Dec.,2004,17.897091723,527
Pakistan,Jan.,2005,-13.167938931,455
Pakistan,Feb.,2005,-13.686534216,391
Pakistan,Mar.,2005,-26.873857404,400
Pakistan,Apr.,2005,33.890214797,561
Pakistan,May,2005,10.516605166,599
Pakistan,Jun.,2005,33.257918552,589
Pakistan,Jul.,2005,8.626760563,617
Pakistan,Aug.,2005,33.661417323,679
Pakistan,Sep.,2005,58.429561201,686
Pakistan,Oct.,2005,3.585657371,520
Pakistan,Nov.,2005,43.822843823,617
Pakistan,Dec.,2005,-17.077798861,437
Pakistan,Jan.,2006,32.527472527,603
Pakistan,Feb.,2006,49.104859335,583
Pakistan,Mar.,2006,50,600
Pakistan,Apr.,2006,-3.030303030,544
Pakistan,May,2006,-8.180300501,550
Pakistan,Jun.,2006,12.054329372,660
Pakistan,Jul.,2006,15.072933549,710
Pakistan,Aug.,2006,-16.789396171,565
Pakistan,Sep.,2006,-13.265306122,595
Pakistan,Oct.,2006,-6.153846154,488
Pakistan,Nov.,2006,15.883306321,715
Pakistan,Dec.,2006,-1.144164760,432
Pakistan,Jan.,2007,17.247097844,707
Pakistan,Feb.,2007,4.459691252,609
Pakistan,Mar.,2007,6.833333333,641
Pakistan,Apr.,2007,-0.735294118,540
Pakistan,May,2007,28.545454545,707
Pakistan,Jun.,2007,16.363636364,768
Pakistan,Jul.,2007,-14.929577465,604
Pakistan,Aug.,2007,8.318584071,612
Pakistan,Sep.,2007,4.537815126,622
Pakistan,Oct.,2007,35.655737705,662
Pakistan,Nov.,2007,5.174825175,752
Pakistan,Dec.,2007,-6.018518519,406
Pakistan,Jan.,2008,-4.243281471,677
Pakistan,Feb.,2008,-5.747126437,574
Pakistan,Mar.,2008,-6.240249610,601
Pakistan,Apr.,2008,9.814814815,593
Pakistan,May,2008,-8.062234795,650
Pakistan,Jun.,2008,-17.1875,636
Pakistan,Jul.,2008,14.072847682,689
Pakistan,Aug.,2008,-4.084967320,587
Pakistan,Sep.,2008,-26.688102894,456
Pakistan,Oct.,2008,14.048338369,755
Pakistan,Nov.,2008,-10.771276596,671
Pakistan,Dec.,2008,8.128078818,439
Pakistan,Jan.,2009,-1.181683900,669
Pakistan,Feb.,2009,-3.310104530,555
Pakistan,Mar.,2009,-10.482529118,538
Pakistan,Apr.,2009,-5.059021922,563
Pakistan,May,2009,4.461538462,679
Pakistan,Jun.,2009,8.333333333,689
Pakistan,Jul.,2009,-4.063860668,661
Pakistan,Aug.,2009,0.340715503,589
Pakistan,Sep.,2009,-3.728070175,439
Pakistan,Oct.,2009,5.562913907,797
Pakistan,Nov.,2009,-18.628912072,546
Pakistan,Dec.,2009,38.952164009,610
Pakistan,Jan.,2010,13.303437967,758
Pakistan,Feb.,2010,-9.189189189,504
Pakistan,Mar.,2010,6.505576208,573
Pakistan,Apr.,2010,9.946714032,619
Pakistan,May,2010,2.650957290,697
Pakistan,Jun.,2010,-1.306240929,680
Pakistan,Jul.,2010,5.446293495,697
Pakistan,Aug.,2010,0.679117148,593
Pakistan,Sep.,2010,38.041002278,606
Pakistan,Oct.,2010,2.509410289,817
Pakistan,Nov.,2010,15.201465201,629
Pakistan,Dec.,2010,-3.442622951,589
Pakistan,Jan.,2011,1.715039578,771
Pakistan,Feb.,2011,27.579365079,643
Pakistan,Mar.,2011,-22.513089005,444
Pakistan,Apr.,2011,5.008077544,650
Pakistan,May,2011,6.886657102,745
Pakistan,Jun.,2011,4.411764706,710
Pakistan,Jul.,2011,18.220946915,824
Pakistan,Aug.,2011,-26.644182125,435
Pakistan,Sep.,2011,39.933993399,848
Pakistan,Oct.,2011,-4.283965728,782
Pakistan,Nov.,2011,4.133545310,655
Pakistan,Dec.,2011,4.074702886,613
Pakistan,Jan.,2012,4.669260700,807
Pakistan,Feb.,2012,-9.331259720,583
Pakistan,Mar.,2012,57.207207207,698
Pakistan,Apr.,2012,17.692307692,765
Pakistan,May,2012,4.697986577,780
Pakistan,Jun.,2012,28.309859155,911
Pakistan,Jul.,2012,-4.126213592,790
Pakistan,Aug.,2012,31.954022989,574
Pakistan,Sep.,2012,13.915094340,966
Pakistan,Oct.,2012,-7.033248082,727
Pakistan,Nov.,2012,41.374045802,926
Pakistan,Dec.,2012,9.135399674,669
Pakistan,Jan.,2013,-9.417596035,731
Pakistan,Feb.,2013,9.777015437,640
Pakistan,Mar.,2013,-6.017191977,656
Pakistan,Apr.,2013,-11.503267974,677
Pakistan,May,2013,0.256410256,782
Pakistan,Jun.,2013,-5.817782656,858
Pakistan,Jul.,2013,-15.696202532,666
Pakistan,Aug.,2013,13.937282230,654
Pakistan,Sep.,2013,-9.937888199,870
Pakistan,Oct.,2013,6.602475928,775
Pakistan,Nov.,2013,14.038876890,"1,056"
Pakistan,Dec.,2013,-3.437967115,646
Pakistan,Jan.,2014,0.136798906,732
Pakistan,Feb.,2014,7.8125,690
Pakistan,Mar.,2014,27.286585366,835
Pakistan,Apr.,2014,9.158050222,739
Pakistan,May,2014,-2.941176471,759
Pakistan,Jun.,2014,13.636363636,975
Pakistan,Jul.,2014,-32.732732733,448
Pakistan,Aug.,2014,39.602446483,913
Pakistan,Sep.,2014,-4.712643678,829
Pakistan,Oct.,2014,12.387096774,871
Pakistan,Nov.,2014,-21.685606061,827
Pakistan,Dec.,2014,-17.492260062,533
Pakistan,Jan.,2015,20.491803279,882
Pakistan,Feb.,2015,6.811594203,737
Pakistan,Mar.,2015,1.556886228,848
Pakistan,Apr.,2015,9.607577808,810
Pakistan,May,2015,26.613965744,961
Pakistan,Jun.,2015,-11.384615385,864
Pakistan,Jul.,2015,79.910714286,806
Pakistan,Aug.,2015,15.224534502,"1,052"
Pakistan,Sep.,2015,-17.370325694,685
Pakistan,Oct.,2015,40.068886338,"1,220"
Pakistan,Nov.,2015,24.425634825,"1,029"
Pakistan,Dec.,2015,18.386491557,631
Pakistan,Jan.,2016,8.390022676,956
Pakistan,Feb.,2016,27.951153324,943
Pakistan,Mar.,2016,10.613207547,938
Pakistan,Apr.,2016,37.037037037,"1,110"
Pakistan,May,2016,11.134235172,"1,068"
Pakistan,Jun.,2016,4.398148148,902
Pakistan,Jul.,2016,45.533498759,"1,173"
Pakistan,Aug.,2016,-19.391634981,848
Pakistan,Sep.,2016,40.291970803,961
Pakistan,Oct.,2016,6.065573770,"1,294"
Pakistan,Nov.,2016,7.677356657,"1,108"
Pakistan,Dec.,2016,8.874801902,687
Pakistan,Jan.,2017,23.535564854,"1,181"
Pakistan,Feb.,2017,-6.150583245,885
Pakistan,Mar.,2017,14.925373134,"1,078"
Pakistan,Apr.,2017,3.873873874,"1,153"
Pakistan,May,2017,7.490636704,"1,148"
Pakistan,Jun.,2017,-15.853658537,759
Pakistan,Jul.,2017,35.635123615,"1,591"
Pakistan,Aug.,2017,16.273584906,986
Pakistan,Sep.,2017,37.565036420,"1,322"
Pakistan,Oct.,2017,14.992272025,"1,488"
Pakistan,Nov.,2017,3.790613718,"1,150"
Pakistan,Dec.,2017,43.813682678,988
Pakistan,Jan.,2018,10.414902625,"1,304"
Pakistan,Feb.,2018,30.508474576,"1,155"
Pakistan,Mar.,2018,23.747680891,"1,334"
Pakistan,Apr.,2018,39.028620989,"1,603"
Pakistan,May,2018,-6.097560976,"1,078"
Pakistan,Jun.,2018,61.133069829,"1,223"
Pakistan,Jul.,2018,-2.451288498,"1,552"
Pakistan,Aug.,2018,8.519269777,"1,070"
Pakistan,Sep.,2018,27.080181543,"1,680"
Pakistan,Oct.,2018,-6.854838710,"1,386"
Pakistan,Nov.,2018,10.434782609,"1,270"
Pakistan,Dec.,2018,16.093117409,"1,147"
Pakistan,Jan.,2019,6.825153374,"1,393"
Pakistan,Feb.,2019,9.783549784,"1,268"
Pakistan,Mar.,2019,2.023988006,"1,361"
Pakistan,Apr.,2019,-1.559575795,"1,578"
Pakistan,May,2019,2.690166976,"1,107"
Pakistan,Jun.,2019,28.127555192,"1,567"
Pakistan,Jul.,2019,2.899484536,"1,597"
Pakistan,Aug.,2019,27.570093458,"1,365"
Pakistan,Sep.,2019,7.142857143,"1,800"
Pakistan,Oct.,2019,9.523809524,"1,518"
Pakistan,Nov.,2019,15.354330709,"1,465"
Pakistan,Dec.,2019,3.661726242,"1,189"
Pakistan,Jan.,2020,20.315865039,"1,676"
Pakistan,Feb.,2020,6.151419558,"1,346"
Pakistan,Mar.,2020,-46.289493020,731
Pakistan,Apr.,2020,-99.302915082,11
Pakistan,May,2020,-100,0
Pakistan,Jun.,2020,-95.469049138,71
Pakistan,Jul.,2020,-84.971822167,240
Pakistan,Aug.,2020,-75.604395604,333
Pakistan,Sep.,2020,-86.166666667,249
Pakistan,Oct.,2020,-74.044795784,394
Pakistan,Nov.,2020,-61.501706485,564
Pakistan,Dec.,2020,-55.424726661,530
Pakistan,Jan.,2021,-62.410501193,630
Pakistan,Feb.,2021,-70.950965825,391
Pakistan,Mar.,2021,-36.935704514,461
Pakistan,Apr.,2021,"3,118.181818182",354
Pakistan,May,2021,,74
Pakistan,Jun.,2021,-59.154929577,29
Pakistan,Jul.,2021,-67.083333333,79
Pakistan,Aug.,2021,48.048048048,493
Pakistan,Sep.,2021,66.666666667,415
Pakistan,Oct.,2021,-2.030456853,386
Pakistan,Nov.,2021,1.241134752,571
Pakistan,Dec.,2021,-24.339622642,401
Pakistan,Jan.,2022,-19.206349206,509
Pakistan,Feb.,2022,103.836317136,797
Pakistan,Mar.,2022,85.466377440,855
Pakistan,Apr.,2022,119.491525424,777
Pakistan,May,2022,"1,378.378378378","1,094"
Pakistan,Jun.,2022,"3,234.482758621",967
Pakistan,Jul.,2022,981.012658228,854
Pakistan,Aug.,2022,124.543610548,"1,107"
Pakistan,Sep.,2022,151.084337349,"1,042"
Pakistan,Oct.,2022,154.404145078,982
Pakistan,Nov.,2022,123.467600701,"1,276"
Pakistan,Dec.,2022,190.024937656,"1,163"
Pakistan,Jan.,2023,256.777996071,"1,816"
Pakistan,Feb.,2023,96.235884567,"1,564"
Pakistan,Mar.,2023,74.152046784,"1,489"
Pakistan,Apr.,2023,71.299871300,"1,331"
Pakistan,May,2023,85.009140768,"2,024"
Pakistan,Jun.,2023,50.879007239,"1,459"
Pakistan,Jul.,2023,138.992974239,"2,041"
Pakistan,Aug.,2023,92.592592593,"2,132"
Pakistan,Sep.,2023,93.761996161,"2,019"
Pakistan,Oct.,2023,103.360488798,"1,997"
Pakistan,Nov.,2023,26.332288401,"1,612"
Pakistan,Dec.,2023,41.702493551,"1,648"
Pakistan,Jan.,2024,20.264317181,"2,184"
Pakistan,Feb.,2024,16.560102302,"1,823"
Pakistan,Mar.,2024,14.439220954,"1,704"
Pakistan,Apr.,2024,61.006761833,"2,143"
Pakistan,May,2024,-1.185770751,"2,000"
Pakistan,Jun.,2024,14.119259767,"1,665"
Pakistan,Jul.,2024,15.139637433,"2,350"
Pakistan,Aug.,2024,-7.317073171,"1,976"
Pakistan,Sep.,2024,2.625061912,"2,072"
Pakistan,Oct.,2024,5.408112168,"2,105"
Pakistan,Nov.,2024,24.627791563,"2,009"
Pakistan,Dec.,2024,1.881067961,"1,679"
Pakistan,Jan.,2025,22.435897436,"2,674"
Pakistan,Feb.,2025,32.089961602,"2,408"
Pakistan,Mar.,2025,1.408450704,"1,728"
Pakistan,Apr.,2025,57.769482035,"3,381"
Pakistan,May,2025,10.05,"2,201"
Pakistan,Jun.,2025,72.732732733,"2,876"
Pakistan,Jul.,2025,37.276595745,"3,226"
Pakistan,Aug.,2025,30.617408907,"2,581"
Pakistan,Sep.,2025,19.691119691,"2,480"
Pakistan,Oct.,2025,13.776722090,"2,395"
Pakistan,Nov.,2025,10.253857641,"2,215"
Pakistan,Dec.,2025,19.475878499,"2,006"
Pakistan,Jan.,2026,7.142857143,"2,865"
Pakistan,Feb.,2026,-5.398671096,"2,278"
Pakistan,Mar.,2026,10.821759259,"1,915"
Pakistan,Apr.,2026,-10.233658681,"3,035"
Pakistan,May,2026,-7.542026352,"2,035"
Pakistan,Jun.,2026,,
Pakistan,Jul.,2026,,
Pakistan,Aug.,2026,,
Pakistan,Sep.,2026,,
Pakistan,Oct.,2026,,
Pakistan,Nov.,2026,,
Pakistan,Dec.,2026,,
