Age,Country/Area,Gender,Region,Year,Change,Foreigners Entries
Total,Pakistan,Male,Asia,2013,,"23,592"
Total,Pakistan,Male,Asia,2014,0.052560190,"24,212"
Total,Pakistan,Male,Asia,2015,0.213447877,"26,796"
Total,Pakistan,Male,Asia,2016,0.188834154,"29,326"
Total,Pakistan,Male,Asia,2017,0.208552138,"32,384"
Total,Pakistan,Male,Asia,2018,0.218132411,"35,916"
Total,Pakistan,Male,Asia,2019,0.077068716,"37,300"
Total,Pakistan,Male,Asia,2020,-1.198176944,"14,954"
Total,Pakistan,Male,Asia,2021,-0.456600241,"11,540"
Total,Pakistan,Male,Asia,2022,2.490467938,"25,910"
Total,Pakistan,Male,Asia,2023,1.326437669,"43,094"
Total,Pakistan,Male,Asia,2024,0.221283705,"47,862"
0 - 4,Pakistan,Male,Asia,2013,,332
0 - 4,Pakistan,Male,Asia,2014,0.054216867,350
0 - 4,Pakistan,Male,Asia,2015,0.054285714,369
0 - 4,Pakistan,Male,Asia,2016,0.051490515,388
0 - 4,Pakistan,Male,Asia,2017,0.090206186,423
0 - 4,Pakistan,Male,Asia,2018,0.182033097,500
0 - 4,Pakistan,Male,Asia,2019,0.092,546
0 - 4,Pakistan,Male,Asia,2020,-0.532967033,255
0 - 4,Pakistan,Male,Asia,2021,-0.168627451,212
0 - 4,Pakistan,Male,Asia,2022,1.386792453,506
0 - 4,Pakistan,Male,Asia,2023,0.177865613,596
0 - 4,Pakistan,Male,Asia,2024,0.062080537,633
0 - 9,Pakistan,Male,Asia,2013,,581
0 - 9,Pakistan,Male,Asia,2014,0.120481928,651
0 - 9,Pakistan,Male,Asia,2015,0.082949309,705
0 - 9,Pakistan,Male,Asia,2016,0.052482270,742
0 - 9,Pakistan,Male,Asia,2017,0.110512129,824
0 - 9,Pakistan,Male,Asia,2018,0.148058252,946
0 - 9,Pakistan,Male,Asia,2019,0.098308668,"1,039"
0 - 9,Pakistan,Male,Asia,2020,-0.514918191,504
0 - 9,Pakistan,Male,Asia,2021,-0.25,378
0 - 9,Pakistan,Male,Asia,2022,1.513227513,950
0 - 9,Pakistan,Male,Asia,2023,0.182105263,"1,123"
0 - 9,Pakistan,Male,Asia,2024,0.082813891,"1,216"
5 - 9,Pakistan,Male,Asia,2013,,249
5 - 9,Pakistan,Male,Asia,2014,0.208835341,301
5 - 9,Pakistan,Male,Asia,2015,0.116279070,336
5 - 9,Pakistan,Male,Asia,2016,0.053571429,354
5 - 9,Pakistan,Male,Asia,2017,0.132768362,401
5 - 9,Pakistan,Male,Asia,2018,0.112219451,446
5 - 9,Pakistan,Male,Asia,2019,0.105381166,493
5 - 9,Pakistan,Male,Asia,2020,-0.494929006,249
5 - 9,Pakistan,Male,Asia,2021,-0.333333333,166
5 - 9,Pakistan,Male,Asia,2022,1.674698795,444
5 - 9,Pakistan,Male,Asia,2023,0.186936937,527
5 - 9,Pakistan,Male,Asia,2024,0.106261860,583
10 - 14,Pakistan,Male,Asia,2013,,237
10 - 14,Pakistan,Male,Asia,2014,0.050632911,249
10 - 14,Pakistan,Male,Asia,2015,0.309236948,326
10 - 14,Pakistan,Male,Asia,2016,-0.052147239,309
10 - 14,Pakistan,Male,Asia,2017,0.220064725,377
10 - 14,Pakistan,Male,Asia,2018,0.050397878,396
10 - 14,Pakistan,Male,Asia,2019,0.154040404,457
10 - 14,Pakistan,Male,Asia,2020,-0.557986871,202
10 - 14,Pakistan,Male,Asia,2021,-0.217821782,158
10 - 14,Pakistan,Male,Asia,2022,1.493670886,394
10 - 14,Pakistan,Male,Asia,2023,0.241116751,489
10 - 14,Pakistan,Male,Asia,2024,0.202453988,588
10 - 19,Pakistan,Male,Asia,2013,,540
10 - 19,Pakistan,Male,Asia,2014,0.051851852,568
10 - 19,Pakistan,Male,Asia,2015,0.278169014,726
10 - 19,Pakistan,Male,Asia,2016,0.053719008,765
10 - 19,Pakistan,Male,Asia,2017,0.156862745,885
10 - 19,Pakistan,Male,Asia,2018,0.123163842,994
10 - 19,Pakistan,Male,Asia,2019,0.080482897,"1,074"
10 - 19,Pakistan,Male,Asia,2020,-0.551210428,482
10 - 19,Pakistan,Male,Asia,2021,-0.190871369,390
10 - 19,Pakistan,Male,Asia,2022,1.420512821,944
10 - 19,Pakistan,Male,Asia,2023,0.251059322,"1,181"
10 - 19,Pakistan,Male,Asia,2024,0.163420830,"1,374"
15 - 19,Pakistan,Male,Asia,2013,,303
15 - 19,Pakistan,Male,Asia,2014,0.052805281,319
15 - 19,Pakistan,Male,Asia,2015,0.253918495,400
15 - 19,Pakistan,Male,Asia,2016,0.14,456
15 - 19,Pakistan,Male,Asia,2017,0.114035088,508
15 - 19,Pakistan,Male,Asia,2018,0.177165354,598
15 - 19,Pakistan,Male,Asia,2019,0.031772575,617
15 - 19,Pakistan,Male,Asia,2020,-0.546191248,280
15 - 19,Pakistan,Male,Asia,2021,-0.171428571,232
15 - 19,Pakistan,Male,Asia,2022,1.370689655,550
15 - 19,Pakistan,Male,Asia,2023,0.258181818,692
15 - 19,Pakistan,Male,Asia,2024,0.135838150,786
20 - 24,Pakistan,Male,Asia,2013,,525
20 - 24,Pakistan,Male,Asia,2014,-0.097142857,474
20 - 24,Pakistan,Male,Asia,2015,0.253164557,594
20 - 24,Pakistan,Male,Asia,2016,0.111111111,660
20 - 24,Pakistan,Male,Asia,2017,0.316666667,869
20 - 24,Pakistan,Male,Asia,2018,0.279631761,"1,112"
20 - 24,Pakistan,Male,Asia,2019,0.159172662,"1,289"
20 - 24,Pakistan,Male,Asia,2020,-0.560124127,567
20 - 24,Pakistan,Male,Asia,2021,-0.269841270,414
20 - 24,Pakistan,Male,Asia,2022,1.700483092,"1,118"
20 - 24,Pakistan,Male,Asia,2023,0.558139535,"1,742"
20 - 24,Pakistan,Male,Asia,2024,0.180252583,"2,056"
20 - 29,Pakistan,Male,Asia,2013,,"1,595"
20 - 29,Pakistan,Male,Asia,2014,-0.021943574,"1,560"
20 - 29,Pakistan,Male,Asia,2015,0.171153846,"1,827"
20 - 29,Pakistan,Male,Asia,2016,0.111658456,"2,031"
20 - 29,Pakistan,Male,Asia,2017,0.201871000,"2,441"
20 - 29,Pakistan,Male,Asia,2018,0.193773044,"2,914"
20 - 29,Pakistan,Male,Asia,2019,0.108785175,"3,231"
20 - 29,Pakistan,Male,Asia,2020,-0.556793562,"1,432"
20 - 29,Pakistan,Male,Asia,2021,-0.270251397,"1,045"
20 - 29,Pakistan,Male,Asia,2022,1.519617225,"2,633"
20 - 29,Pakistan,Male,Asia,2023,0.728446639,"4,551"
20 - 29,Pakistan,Male,Asia,2024,0.220391123,"5,554"
25 - 29,Pakistan,Male,Asia,2013,,"1,070"
25 - 29,Pakistan,Male,Asia,2014,0.014953271,"1,086"
25 - 29,Pakistan,Male,Asia,2015,0.135359116,"1,233"
25 - 29,Pakistan,Male,Asia,2016,0.111922141,"1,371"
25 - 29,Pakistan,Male,Asia,2017,0.146608315,"1,572"
25 - 29,Pakistan,Male,Asia,2018,0.146310433,"1,802"
25 - 29,Pakistan,Male,Asia,2019,0.077691454,"1,942"
25 - 29,Pakistan,Male,Asia,2020,-0.554582904,865
25 - 29,Pakistan,Male,Asia,2021,-0.270520231,631
25 - 29,Pakistan,Male,Asia,2022,1.400950872,"1,515"
25 - 29,Pakistan,Male,Asia,2023,0.854125413,"2,809"
25 - 29,Pakistan,Male,Asia,2024,0.245283019,"3,498"
30 - 34,Pakistan,Male,Asia,2013,,"1,591"
30 - 34,Pakistan,Male,Asia,2014,-0.074795726,"1,472"
30 - 34,Pakistan,Male,Asia,2015,0.105298913,"1,627"
30 - 34,Pakistan,Male,Asia,2016,0.076828519,"1,752"
30 - 34,Pakistan,Male,Asia,2017,0.090753425,"1,911"
30 - 34,Pakistan,Male,Asia,2018,0.178440607,"2,252"
30 - 34,Pakistan,Male,Asia,2019,0.063499112,"2,395"
30 - 34,Pakistan,Male,Asia,2020,-0.580793319,"1,004"
30 - 34,Pakistan,Male,Asia,2021,-0.262948207,740
30 - 34,Pakistan,Male,Asia,2022,1.245945946,"1,662"
30 - 34,Pakistan,Male,Asia,2023,0.909145608,"3,173"
30 - 34,Pakistan,Male,Asia,2024,0.103057044,"3,500"
30 - 39,Pakistan,Male,Asia,2013,,"3,203"
30 - 39,Pakistan,Male,Asia,2014,-0.052450827,"3,035"
30 - 39,Pakistan,Male,Asia,2015,0.115980231,"3,387"
30 - 39,Pakistan,Male,Asia,2016,0.102745793,"3,735"
30 - 39,Pakistan,Male,Asia,2017,0.087817938,"4,063"
30 - 39,Pakistan,Male,Asia,2018,0.152350480,"4,682"
30 - 39,Pakistan,Male,Asia,2019,0.033105510,"4,837"
30 - 39,Pakistan,Male,Asia,2020,-0.613189994,"1,871"
30 - 39,Pakistan,Male,Asia,2021,-0.221806521,"1,456"
30 - 39,Pakistan,Male,Asia,2022,1.156593407,"3,140"
30 - 39,Pakistan,Male,Asia,2023,0.952866242,"6,132"
30 - 39,Pakistan,Male,Asia,2024,0.090671885,"6,688"
35 - 39,Pakistan,Male,Asia,2013,,"1,612"
35 - 39,Pakistan,Male,Asia,2014,-0.030397022,"1,563"
35 - 39,Pakistan,Male,Asia,2015,0.126039667,"1,760"
35 - 39,Pakistan,Male,Asia,2016,0.126704545,"1,983"
35 - 39,Pakistan,Male,Asia,2017,0.085224407,"2,152"
35 - 39,Pakistan,Male,Asia,2018,0.129182156,"2,430"
35 - 39,Pakistan,Male,Asia,2019,0.004938272,"2,442"
35 - 39,Pakistan,Male,Asia,2020,-0.644963145,867
35 - 39,Pakistan,Male,Asia,2021,-0.174163783,716
35 - 39,Pakistan,Male,Asia,2022,1.064245810,"1,478"
35 - 39,Pakistan,Male,Asia,2023,1.002029770,"2,959"
35 - 39,Pakistan,Male,Asia,2024,0.077391010,"3,188"
40 - 44,Pakistan,Male,Asia,2013,,"1,915"
40 - 44,Pakistan,Male,Asia,2014,-0.030809399,"1,856"
40 - 44,Pakistan,Male,Asia,2015,-0.001077586,"1,854"
40 - 44,Pakistan,Male,Asia,2016,0.066882416,"1,978"
40 - 44,Pakistan,Male,Asia,2017,0.056622851,"2,090"
40 - 44,Pakistan,Male,Asia,2018,0.011004785,"2,113"
40 - 44,Pakistan,Male,Asia,2019,0.053951727,"2,227"
40 - 44,Pakistan,Male,Asia,2020,-0.625954198,833
40 - 44,Pakistan,Male,Asia,2021,-0.223289316,647
40 - 44,Pakistan,Male,Asia,2022,1.145285935,"1,388"
40 - 44,Pakistan,Male,Asia,2023,0.841498559,"2,556"
40 - 44,Pakistan,Male,Asia,2024,0.005086072,"2,569"
40 - 49,Pakistan,Male,Asia,2013,,"3,997"
40 - 49,Pakistan,Male,Asia,2014,0.005003753,"4,017"
40 - 49,Pakistan,Male,Asia,2015,-0.004232014,"4,000"
40 - 49,Pakistan,Male,Asia,2016,0.0385,"4,154"
40 - 49,Pakistan,Male,Asia,2017,0.026961964,"4,266"
40 - 49,Pakistan,Male,Asia,2018,0.020862635,"4,355"
40 - 49,Pakistan,Male,Asia,2019,0.011940299,"4,407"
40 - 49,Pakistan,Male,Asia,2020,-0.637848877,"1,596"
40 - 49,Pakistan,Male,Asia,2021,-0.243107769,"1,208"
40 - 49,Pakistan,Male,Asia,2022,1.110099338,"2,549"
40 - 49,Pakistan,Male,Asia,2023,0.747351903,"4,454"
40 - 49,Pakistan,Male,Asia,2024,0.045352492,"4,656"
45 - 49,Pakistan,Male,Asia,2013,,"2,082"
45 - 49,Pakistan,Male,Asia,2014,0.037944284,"2,161"
45 - 49,Pakistan,Male,Asia,2015,-0.006941231,"2,146"
45 - 49,Pakistan,Male,Asia,2016,0.013979497,"2,176"
45 - 49,Pakistan,Male,Asia,2017,0,"2,176"
45 - 49,Pakistan,Male,Asia,2018,0.030330882,"2,242"
45 - 49,Pakistan,Male,Asia,2019,-0.027653880,"2,180"
45 - 49,Pakistan,Male,Asia,2020,-0.65,763
45 - 49,Pakistan,Male,Asia,2021,-0.264744430,561
45 - 49,Pakistan,Male,Asia,2022,1.069518717,"1,161"
45 - 49,Pakistan,Male,Asia,2023,0.634797588,"1,898"
45 - 49,Pakistan,Male,Asia,2024,0.099578504,"2,087"
50 - 54,Pakistan,Male,Asia,2013,,"1,130"
50 - 54,Pakistan,Male,Asia,2014,0.201769912,"1,358"
50 - 54,Pakistan,Male,Asia,2015,0.231958763,"1,673"
50 - 54,Pakistan,Male,Asia,2016,0.111177525,"1,859"
50 - 54,Pakistan,Male,Asia,2017,0.154922001,"2,147"
50 - 54,Pakistan,Male,Asia,2018,0.053097345,"2,261"
50 - 54,Pakistan,Male,Asia,2019,-0.060150376,"2,125"
50 - 54,Pakistan,Male,Asia,2020,-0.624941176,797
50 - 54,Pakistan,Male,Asia,2021,-0.227101631,616
50 - 54,Pakistan,Male,Asia,2022,0.863636364,"1,148"
50 - 54,Pakistan,Male,Asia,2023,0.413763066,"1,623"
50 - 54,Pakistan,Male,Asia,2024,0.047443007,"1,700"
50 - 59,Pakistan,Male,Asia,2013,,"1,629"
50 - 59,Pakistan,Male,Asia,2014,0.198281154,"1,952"
50 - 59,Pakistan,Male,Asia,2015,0.224385246,"2,390"
50 - 59,Pakistan,Male,Asia,2016,0.158577406,"2,769"
50 - 59,Pakistan,Male,Asia,2017,0.142289635,"3,163"
50 - 59,Pakistan,Male,Asia,2018,0.071767310,"3,390"
50 - 59,Pakistan,Male,Asia,2019,-0.021533923,"3,317"
50 - 59,Pakistan,Male,Asia,2020,-0.604160386,"1,313"
50 - 59,Pakistan,Male,Asia,2021,-0.188880427,"1,065"
50 - 59,Pakistan,Male,Asia,2022,0.968075117,"2,096"
50 - 59,Pakistan,Male,Asia,2023,0.459446565,"3,059"
50 - 59,Pakistan,Male,Asia,2024,0.047401111,"3,204"
55 - 59,Pakistan,Male,Asia,2013,,499
55 - 59,Pakistan,Male,Asia,2014,0.190380762,594
55 - 59,Pakistan,Male,Asia,2015,0.207070707,717
55 - 59,Pakistan,Male,Asia,2016,0.269177127,910
55 - 59,Pakistan,Male,Asia,2017,0.116483516,"1,016"
55 - 59,Pakistan,Male,Asia,2018,0.111220472,"1,129"
55 - 59,Pakistan,Male,Asia,2019,0.055801594,"1,192"
55 - 59,Pakistan,Male,Asia,2020,-0.567114094,516
55 - 59,Pakistan,Male,Asia,2021,-0.129844961,449
55 - 59,Pakistan,Male,Asia,2022,1.111358575,948
55 - 59,Pakistan,Male,Asia,2023,0.514767932,"1,436"
55 - 59,Pakistan,Male,Asia,2024,0.047353760,"1,504"
60 - 64,Pakistan,Male,Asia,2013,,163
60 - 64,Pakistan,Male,Asia,2014,0.208588957,197
60 - 64,Pakistan,Male,Asia,2015,0.101522843,217
60 - 64,Pakistan,Male,Asia,2016,0.451612903,315
60 - 64,Pakistan,Male,Asia,2017,0.2,378
60 - 64,Pakistan,Male,Asia,2018,0.219576720,461
60 - 64,Pakistan,Male,Asia,2019,0.125813449,519
60 - 64,Pakistan,Male,Asia,2020,-0.585741811,215
60 - 64,Pakistan,Male,Asia,2021,-0.241860465,163
60 - 64,Pakistan,Male,Asia,2022,1.785276074,454
60 - 64,Pakistan,Male,Asia,2023,0.508810573,685
60 - 64,Pakistan,Male,Asia,2024,0.195620438,819
60 - 69,Pakistan,Male,Asia,2013,,223
60 - 69,Pakistan,Male,Asia,2014,0.233183857,275
60 - 69,Pakistan,Male,Asia,2015,0.105454545,304
60 - 69,Pakistan,Male,Asia,2016,0.328947368,404
60 - 69,Pakistan,Male,Asia,2017,0.198019802,484
60 - 69,Pakistan,Male,Asia,2018,0.212809917,587
60 - 69,Pakistan,Male,Asia,2019,0.134582624,666
60 - 69,Pakistan,Male,Asia,2020,-0.609609610,260
60 - 69,Pakistan,Male,Asia,2021,-0.169230769,216
60 - 69,Pakistan,Male,Asia,2022,1.75,594
60 - 69,Pakistan,Male,Asia,2023,0.577441077,937
60 - 69,Pakistan,Male,Asia,2024,0.196371398,"1,121"
65 - 69,Pakistan,Male,Asia,2013,,60
65 - 69,Pakistan,Male,Asia,2014,0.3,78
65 - 69,Pakistan,Male,Asia,2015,0.115384615,87
65 - 69,Pakistan,Male,Asia,2016,0.022988506,89
65 - 69,Pakistan,Male,Asia,2017,0.191011236,106
65 - 69,Pakistan,Male,Asia,2018,0.188679245,126
65 - 69,Pakistan,Male,Asia,2019,0.166666667,147
65 - 69,Pakistan,Male,Asia,2020,-0.693877551,45
65 - 69,Pakistan,Male,Asia,2021,0.177777778,53
65 - 69,Pakistan,Male,Asia,2022,1.641509434,140
65 - 69,Pakistan,Male,Asia,2023,0.8,252
65 - 69,Pakistan,Male,Asia,2024,0.198412698,302
70 - ,Pakistan,Male,Asia,2013,,56
70 - ,Pakistan,Male,Asia,2014,1.428571429,96
70 - ,Pakistan,Male,Asia,2015,0.458333333,118
70 - ,Pakistan,Male,Asia,2016,0.135593220,126
70 - ,Pakistan,Male,Asia,2017,0.095238095,132
70 - ,Pakistan,Male,Asia,2018,0.727272727,180
70 - ,Pakistan,Male,Asia,2019,-0.244444444,158
70 - ,Pakistan,Male,Asia,2020,-1.518987342,38
70 - ,Pakistan,Male,Asia,2021,-0.736842105,24
70 - ,Pakistan,Male,Asia,2022,6.166666667,98
70 - ,Pakistan,Male,Asia,2023,2.489795918,220
70 - ,Pakistan,Male,Asia,2024,0.145454545,236
Total,Pakistan,Female,Asia,2013,,"4,826"
Total,Pakistan,Female,Asia,2014,0.093659345,"5,052"
Total,Pakistan,Female,Asia,2015,0.400633413,"6,064"
Total,Pakistan,Female,Asia,2016,0.233509235,"6,772"
Total,Pakistan,Female,Asia,2017,0.292380390,"7,762"
Total,Pakistan,Female,Asia,2018,0.354032466,"9,136"
Total,Pakistan,Female,Asia,2019,0.214973730,"10,118"
Total,Pakistan,Female,Asia,2020,-1.192725835,"4,084"
Total,Pakistan,Female,Asia,2021,-0.628795299,"2,800"
Total,Pakistan,Female,Asia,2022,3.477142857,"7,668"
Total,Pakistan,Female,Asia,2023,0.900365154,"11,120"
Total,Pakistan,Female,Asia,2024,0.302877698,"12,804"
0 - 4,Pakistan,Female,Asia,2013,,323
0 - 4,Pakistan,Female,Asia,2014,-0.052631579,306
0 - 4,Pakistan,Female,Asia,2015,0.222222222,374
0 - 4,Pakistan,Female,Asia,2016,0.045454545,391
0 - 4,Pakistan,Female,Asia,2017,0.023017903,400
0 - 4,Pakistan,Female,Asia,2018,0.1025,441
0 - 4,Pakistan,Female,Asia,2019,0.072562358,473
0 - 4,Pakistan,Female,Asia,2020,-0.482029598,245
0 - 4,Pakistan,Female,Asia,2021,-0.281632653,176
0 - 4,Pakistan,Female,Asia,2022,1.420454545,426
0 - 4,Pakistan,Female,Asia,2023,0.206572770,514
0 - 4,Pakistan,Female,Asia,2024,0.177042802,605
0 - 9,Pakistan,Female,Asia,2013,,583
0 - 9,Pakistan,Female,Asia,2014,-0.024013722,569
0 - 9,Pakistan,Female,Asia,2015,0.210896309,689
0 - 9,Pakistan,Female,Asia,2016,0.040638607,717
0 - 9,Pakistan,Female,Asia,2017,0.055788006,757
0 - 9,Pakistan,Female,Asia,2018,0.084544254,821
0 - 9,Pakistan,Female,Asia,2019,0.103532278,906
0 - 9,Pakistan,Female,Asia,2020,-0.525386313,430
0 - 9,Pakistan,Female,Asia,2021,-0.283720930,308
0 - 9,Pakistan,Female,Asia,2022,1.584415584,796
0 - 9,Pakistan,Female,Asia,2023,0.213567839,966
0 - 9,Pakistan,Female,Asia,2024,0.170807453,"1,131"
5 - 9,Pakistan,Female,Asia,2013,,260
5 - 9,Pakistan,Female,Asia,2014,0.011538462,263
5 - 9,Pakistan,Female,Asia,2015,0.197718631,315
5 - 9,Pakistan,Female,Asia,2016,0.034920635,326
5 - 9,Pakistan,Female,Asia,2017,0.095092025,357
5 - 9,Pakistan,Female,Asia,2018,0.064425770,380
5 - 9,Pakistan,Female,Asia,2019,0.139473684,433
5 - 9,Pakistan,Female,Asia,2020,-0.572748268,185
5 - 9,Pakistan,Female,Asia,2021,-0.286486486,132
5 - 9,Pakistan,Female,Asia,2022,1.803030303,370
5 - 9,Pakistan,Female,Asia,2023,0.221621622,452
5 - 9,Pakistan,Female,Asia,2024,0.163716814,526
10 - 14,Pakistan,Female,Asia,2013,,165
10 - 14,Pakistan,Female,Asia,2014,-0.042424242,158
10 - 14,Pakistan,Female,Asia,2015,0.373417722,217
10 - 14,Pakistan,Female,Asia,2016,0.170506912,254
10 - 14,Pakistan,Female,Asia,2017,0.011811024,257
10 - 14,Pakistan,Female,Asia,2018,0.280155642,329
10 - 14,Pakistan,Female,Asia,2019,0.072948328,353
10 - 14,Pakistan,Female,Asia,2020,-0.535410765,164
10 - 14,Pakistan,Female,Asia,2021,-0.274390244,119
10 - 14,Pakistan,Female,Asia,2022,1.546218487,303
10 - 14,Pakistan,Female,Asia,2023,0.297029703,393
10 - 14,Pakistan,Female,Asia,2024,0.010178117,397
10 - 19,Pakistan,Female,Asia,2013,,317
10 - 19,Pakistan,Female,Asia,2014,0.053627760,334
10 - 19,Pakistan,Female,Asia,2015,0.200598802,401
10 - 19,Pakistan,Female,Asia,2016,0.104738155,443
10 - 19,Pakistan,Female,Asia,2017,0.119638826,496
10 - 19,Pakistan,Female,Asia,2018,0.296370968,643
10 - 19,Pakistan,Female,Asia,2019,0.071539658,689
10 - 19,Pakistan,Female,Asia,2020,-0.563134978,301
10 - 19,Pakistan,Female,Asia,2021,-0.255813953,224
10 - 19,Pakistan,Female,Asia,2022,1.549107143,571
10 - 19,Pakistan,Female,Asia,2023,0.346760070,769
10 - 19,Pakistan,Female,Asia,2024,0.079323797,830
15 - 19,Pakistan,Female,Asia,2013,,152
15 - 19,Pakistan,Female,Asia,2014,0.157894737,176
15 - 19,Pakistan,Female,Asia,2015,0.045454545,184
15 - 19,Pakistan,Female,Asia,2016,0.027173913,189
15 - 19,Pakistan,Female,Asia,2017,0.264550265,239
15 - 19,Pakistan,Female,Asia,2018,0.313807531,314
15 - 19,Pakistan,Female,Asia,2019,0.070063694,336
15 - 19,Pakistan,Female,Asia,2020,-0.592261905,137
15 - 19,Pakistan,Female,Asia,2021,-0.233576642,105
15 - 19,Pakistan,Female,Asia,2022,1.552380952,268
15 - 19,Pakistan,Female,Asia,2023,0.402985075,376
15 - 19,Pakistan,Female,Asia,2024,0.151595745,433
20 - 24,Pakistan,Female,Asia,2013,,167
20 - 24,Pakistan,Female,Asia,2014,0.257485030,210
20 - 24,Pakistan,Female,Asia,2015,0.195238095,251
20 - 24,Pakistan,Female,Asia,2016,0.135458167,285
20 - 24,Pakistan,Female,Asia,2017,0.122807018,320
20 - 24,Pakistan,Female,Asia,2018,0.203125,385
20 - 24,Pakistan,Female,Asia,2019,0.088311688,419
20 - 24,Pakistan,Female,Asia,2020,-0.551312649,188
20 - 24,Pakistan,Female,Asia,2021,-0.414893617,110
20 - 24,Pakistan,Female,Asia,2022,1.827272727,311
20 - 24,Pakistan,Female,Asia,2023,0.450160772,451
20 - 24,Pakistan,Female,Asia,2024,0.230598670,555
20 - 29,Pakistan,Female,Asia,2013,,480
20 - 29,Pakistan,Female,Asia,2014,0.0625,510
20 - 29,Pakistan,Female,Asia,2015,0.219607843,622
20 - 29,Pakistan,Female,Asia,2016,0.106109325,688
20 - 29,Pakistan,Female,Asia,2017,0.082848837,745
20 - 29,Pakistan,Female,Asia,2018,0.233557047,919
20 - 29,Pakistan,Female,Asia,2019,0.095756257,"1,007"
20 - 29,Pakistan,Female,Asia,2020,-0.561072493,442
20 - 29,Pakistan,Female,Asia,2021,-0.348416290,288
20 - 29,Pakistan,Female,Asia,2022,1.600694444,749
20 - 29,Pakistan,Female,Asia,2023,0.489986649,"1,116"
20 - 29,Pakistan,Female,Asia,2024,0.239247312,"1,383"
25 - 29,Pakistan,Female,Asia,2013,,313
25 - 29,Pakistan,Female,Asia,2014,-0.041533546,300
25 - 29,Pakistan,Female,Asia,2015,0.236666667,371
25 - 29,Pakistan,Female,Asia,2016,0.086253369,403
25 - 29,Pakistan,Female,Asia,2017,0.054590571,425
25 - 29,Pakistan,Female,Asia,2018,0.256470588,534
25 - 29,Pakistan,Female,Asia,2019,0.101123596,588
25 - 29,Pakistan,Female,Asia,2020,-0.568027211,254
25 - 29,Pakistan,Female,Asia,2021,-0.299212598,178
25 - 29,Pakistan,Female,Asia,2022,1.460674157,438
25 - 29,Pakistan,Female,Asia,2023,0.518264840,665
25 - 29,Pakistan,Female,Asia,2024,0.245112782,828
30 - 34,Pakistan,Female,Asia,2013,,318
30 - 34,Pakistan,Female,Asia,2014,0.062893082,338
30 - 34,Pakistan,Female,Asia,2015,0.068047337,361
30 - 34,Pakistan,Female,Asia,2016,0.157894737,418
30 - 34,Pakistan,Female,Asia,2017,0.165071770,487
30 - 34,Pakistan,Female,Asia,2018,0.139630390,555
30 - 34,Pakistan,Female,Asia,2019,0.120720721,622
30 - 34,Pakistan,Female,Asia,2020,-0.627009646,232
30 - 34,Pakistan,Female,Asia,2021,-0.331896552,155
30 - 34,Pakistan,Female,Asia,2022,1.664516129,413
30 - 34,Pakistan,Female,Asia,2023,0.610169492,665
30 - 34,Pakistan,Female,Asia,2024,0.183458647,787
30 - 39,Pakistan,Female,Asia,2013,,533
30 - 39,Pakistan,Female,Asia,2014,0.114446529,594
30 - 39,Pakistan,Female,Asia,2015,0.148148148,682
30 - 39,Pakistan,Female,Asia,2016,0.137829912,776
30 - 39,Pakistan,Female,Asia,2017,0.166237113,905
30 - 39,Pakistan,Female,Asia,2018,0.150276243,"1,041"
30 - 39,Pakistan,Female,Asia,2019,0.116234390,"1,162"
30 - 39,Pakistan,Female,Asia,2020,-0.632530120,427
30 - 39,Pakistan,Female,Asia,2021,-0.348946136,278
30 - 39,Pakistan,Female,Asia,2022,1.852517986,793
30 - 39,Pakistan,Female,Asia,2023,0.525851198,"1,210"
30 - 39,Pakistan,Female,Asia,2024,0.172727273,"1,419"
35 - 39,Pakistan,Female,Asia,2013,,215
35 - 39,Pakistan,Female,Asia,2014,0.190697674,256
35 - 39,Pakistan,Female,Asia,2015,0.25390625,321
35 - 39,Pakistan,Female,Asia,2016,0.115264798,358
35 - 39,Pakistan,Female,Asia,2017,0.167597765,418
35 - 39,Pakistan,Female,Asia,2018,0.162679426,486
35 - 39,Pakistan,Female,Asia,2019,0.111111111,540
35 - 39,Pakistan,Female,Asia,2020,-0.638888889,195
35 - 39,Pakistan,Female,Asia,2021,-0.369230769,123
35 - 39,Pakistan,Female,Asia,2022,2.089430894,380
35 - 39,Pakistan,Female,Asia,2023,0.434210526,545
35 - 39,Pakistan,Female,Asia,2024,0.159633028,632
40 - 44,Pakistan,Female,Asia,2013,,171
40 - 44,Pakistan,Female,Asia,2014,-0.093567251,155
40 - 44,Pakistan,Female,Asia,2015,0.251612903,194
40 - 44,Pakistan,Female,Asia,2016,0.206185567,234
40 - 44,Pakistan,Female,Asia,2017,0.269230769,297
40 - 44,Pakistan,Female,Asia,2018,0.148148148,341
40 - 44,Pakistan,Female,Asia,2019,0.255131965,428
40 - 44,Pakistan,Female,Asia,2020,-0.651869159,149
40 - 44,Pakistan,Female,Asia,2021,-0.328859060,100
40 - 44,Pakistan,Female,Asia,2022,2.28,328
40 - 44,Pakistan,Female,Asia,2023,0.432926829,470
40 - 44,Pakistan,Female,Asia,2024,0.189361702,559
40 - 49,Pakistan,Female,Asia,2013,,294
40 - 49,Pakistan,Female,Asia,2014,-0.081632653,270
40 - 49,Pakistan,Female,Asia,2015,0.296296296,350
40 - 49,Pakistan,Female,Asia,2016,0.231428571,431
40 - 49,Pakistan,Female,Asia,2017,0.285382831,554
40 - 49,Pakistan,Female,Asia,2018,0.119133574,620
40 - 49,Pakistan,Female,Asia,2019,0.180645161,732
40 - 49,Pakistan,Female,Asia,2020,-0.625683060,274
40 - 49,Pakistan,Female,Asia,2021,-0.310218978,189
40 - 49,Pakistan,Female,Asia,2022,1.925925926,553
40 - 49,Pakistan,Female,Asia,2023,0.497287523,828
40 - 49,Pakistan,Female,Asia,2024,0.161835749,962
45 - 49,Pakistan,Female,Asia,2013,,123
45 - 49,Pakistan,Female,Asia,2014,-0.065040650,115
45 - 49,Pakistan,Female,Asia,2015,0.356521739,156
45 - 49,Pakistan,Female,Asia,2016,0.262820513,197
45 - 49,Pakistan,Female,Asia,2017,0.304568528,257
45 - 49,Pakistan,Female,Asia,2018,0.085603113,279
45 - 49,Pakistan,Female,Asia,2019,0.089605735,304
45 - 49,Pakistan,Female,Asia,2020,-0.588815789,125
45 - 49,Pakistan,Female,Asia,2021,-0.288,89
45 - 49,Pakistan,Female,Asia,2022,1.528089888,225
45 - 49,Pakistan,Female,Asia,2023,0.591111111,358
45 - 49,Pakistan,Female,Asia,2024,0.125698324,403
50 - 54,Pakistan,Female,Asia,2013,,68
50 - 54,Pakistan,Female,Asia,2014,0.294117647,88
50 - 54,Pakistan,Female,Asia,2015,0.125,99
50 - 54,Pakistan,Female,Asia,2016,0.494949495,148
50 - 54,Pakistan,Female,Asia,2017,0.067567568,158
50 - 54,Pakistan,Female,Asia,2018,0.335443038,211
50 - 54,Pakistan,Female,Asia,2019,0.014218009,214
50 - 54,Pakistan,Female,Asia,2020,-0.607476636,84
50 - 54,Pakistan,Female,Asia,2021,-0.130952381,73
50 - 54,Pakistan,Female,Asia,2022,1.054794521,150
50 - 54,Pakistan,Female,Asia,2023,0.706666667,256
50 - 54,Pakistan,Female,Asia,2024,0.0234375,262
50 - 59,Pakistan,Female,Asia,2013,,126
50 - 59,Pakistan,Female,Asia,2014,0.166666667,147
50 - 59,Pakistan,Female,Asia,2015,0.244897959,183
50 - 59,Pakistan,Female,Asia,2016,0.131147541,207
50 - 59,Pakistan,Female,Asia,2017,0.323671498,274
50 - 59,Pakistan,Female,Asia,2018,0.240875912,340
50 - 59,Pakistan,Female,Asia,2019,0.067647059,363
50 - 59,Pakistan,Female,Asia,2020,-0.658402204,124
50 - 59,Pakistan,Female,Asia,2021,-0.225806452,96
50 - 59,Pakistan,Female,Asia,2022,1.59375,249
50 - 59,Pakistan,Female,Asia,2023,0.799196787,448
50 - 59,Pakistan,Female,Asia,2024,0.053571429,472
55 - 59,Pakistan,Female,Asia,2013,,58
55 - 59,Pakistan,Female,Asia,2014,0.017241379,59
55 - 59,Pakistan,Female,Asia,2015,0.423728814,84
55 - 59,Pakistan,Female,Asia,2016,-0.297619048,59
55 - 59,Pakistan,Female,Asia,2017,0.966101695,116
55 - 59,Pakistan,Female,Asia,2018,0.112068966,129
55 - 59,Pakistan,Female,Asia,2019,0.155038760,149
55 - 59,Pakistan,Female,Asia,2020,-0.731543624,40
55 - 59,Pakistan,Female,Asia,2021,-0.425,23
55 - 59,Pakistan,Female,Asia,2022,3.304347826,99
55 - 59,Pakistan,Female,Asia,2023,0.939393939,192
55 - 59,Pakistan,Female,Asia,2024,0.09375,210
60 - 64,Pakistan,Female,Asia,2013,,31
60 - 64,Pakistan,Female,Asia,2014,0.129032258,35
60 - 64,Pakistan,Female,Asia,2015,0.428571429,50
60 - 64,Pakistan,Female,Asia,2016,-0.02,49
60 - 64,Pakistan,Female,Asia,2017,0.306122449,64
60 - 64,Pakistan,Female,Asia,2018,0.078125,69
60 - 64,Pakistan,Female,Asia,2019,0.217391304,84
60 - 64,Pakistan,Female,Asia,2020,-0.75,21
60 - 64,Pakistan,Female,Asia,2021,-0.476190476,11
60 - 64,Pakistan,Female,Asia,2022,3.818181818,53
60 - 64,Pakistan,Female,Asia,2023,1.094339623,111
60 - 64,Pakistan,Female,Asia,2024,-0.054054054,105
60 - 69,Pakistan,Female,Asia,2013,,58
60 - 69,Pakistan,Female,Asia,2014,0.120689655,65
60 - 69,Pakistan,Female,Asia,2015,0.2,78
60 - 69,Pakistan,Female,Asia,2016,0.115384615,87
60 - 69,Pakistan,Female,Asia,2017,0.195402299,104
60 - 69,Pakistan,Female,Asia,2018,0.153846154,120
60 - 69,Pakistan,Female,Asia,2019,0.125,135
60 - 69,Pakistan,Female,Asia,2020,-0.755555556,33
60 - 69,Pakistan,Female,Asia,2021,-0.575757576,14
60 - 69,Pakistan,Female,Asia,2022,5.357142857,89
60 - 69,Pakistan,Female,Asia,2023,0.808988764,161
60 - 69,Pakistan,Female,Asia,2024,-0.012422360,159
65 - 69,Pakistan,Female,Asia,2013,,27
65 - 69,Pakistan,Female,Asia,2014,0.111111111,30
65 - 69,Pakistan,Female,Asia,2015,-0.066666667,28
65 - 69,Pakistan,Female,Asia,2016,0.357142857,38
65 - 69,Pakistan,Female,Asia,2017,0.052631579,40
65 - 69,Pakistan,Female,Asia,2018,0.275,51
65 - 69,Pakistan,Female,Asia,2019,0,51
65 - 69,Pakistan,Female,Asia,2020,-0.764705882,12
65 - 69,Pakistan,Female,Asia,2021,-0.75,3
65 - 69,Pakistan,Female,Asia,2022,11,36
65 - 69,Pakistan,Female,Asia,2023,0.388888889,50
65 - 69,Pakistan,Female,Asia,2024,0.08,54
70 - ,Pakistan,Female,Asia,2013,,44
70 - ,Pakistan,Female,Asia,2014,1.363636364,74
70 - ,Pakistan,Female,Asia,2015,-0.540540541,54
70 - ,Pakistan,Female,Asia,2016,0.740740741,74
70 - ,Pakistan,Female,Asia,2017,0.486486486,92
70 - ,Pakistan,Female,Asia,2018,0.782608696,128
70 - ,Pakistan,Female,Asia,2019,0.03125,130
70 - ,Pakistan,Female,Asia,2020,-1.661538462,22
70 - ,Pakistan,Female,Asia,2021,-1.454545455,6
70 - ,Pakistan,Female,Asia,2022,20.666666667,68
70 - ,Pakistan,Female,Asia,2023,1.647058824,124
70 - ,Pakistan,Female,Asia,2024,-0.516129032,92
